SDSS Object ID,RA,DEC,X-ray,Ks mag,zsp,rmag,DR1 Source,RA,DEC,Sint,DR2 Source,RA2,DEC2,SpeakTot,e_Sint,Offset,WISE,W1mag,e_W1mag,W2mag,e_W2mag,W3mag,e_W3mag,W23,W12,FIRST Flux (mJy),VLASS Flux (mJy),Spec from VLASS (upper limit),Spec from FIRST (upper limit),Metallicity,Log(SFR),C Log(SFR),Log(Mass),Log(sSFR),OIII5008,OIII5008_err,HBeta,HBeta_err,NII6548,NII6548_err,HAlpha,HAlpha_err,SII6731,e_SII6731	,SII6717,e_SII6717,SIIsummed,SIIsummed_err,OI6302,OI6302_err,cont (ha),flux/cont (WHa),cont_err,Radio Loudness,Spec from VLASS (upper limit),Spec from FIRST (upper limit),OIII/Hbeta,Class (VLASS),Class (FIRST),gmag
1237658206122999832,188.113683,51.077524,7.11E-12,13.755,0.04138,16.337,ILTJ123227.31+510439.0,188.1138,51.0775,1.2,ILTJ123227.28+510439.0,188.11367,51.07752,1.513,0.133,0.03,J123227.28+510439.1,13.249,0.024,13.112,0.028,9.701,0.049,3.411,0.137,0.45,0.48,-0.38,-0.54,8.7315,0.255,-0.056,10.094,-10.150,39.534,0.029,39.884,0.014,39.653,0.009,40.478,0.006,39.638,0.022,39.791,0.016,79.429,0.038,39.064,0.073,39.191,1.032839172,0.018,0.43,-0.38,-0.54,-0.35,3,2,17.023
1237657858219376732,175.357323,53.319531,8.54E-13,13.509,0.03296,15.959,ILTJ114125.76+531910.3,175.3573,53.3195,3.4,ILTJ114125.76+531910.3,175.35735,53.31954,3.947,0.14,0.07,J114125.75+531911.0,12.931,0.033,12.7,0.034,8.522,0.031,4.178,0.231,0.45,0.48,-0.70,-0.97,8.7238,0.619,0.371,10.155,-9.784,39.525,0.014,39.862,0.008,39.752,0.005,40.588,0.004,39.613,0.013,39.716,0.01,79.329,0.023,38.926,0.045,38.87,1.044198611,0.013,0.72,-0.70,-0.97,-0.34,2,1,16.706
1237661362372608129,205.27343,46.278381,2.60E-12,14.310,0.03682,16.432,ILTJ134105.64+461641.9,205.2735,46.2783,1.6,ILTJ134105.63+461642.1,205.27345,46.27836,2.03,0.121,0.09,J134105.61+461642.2,13.675,0.025,13.497,0.029,9.8,0.05,3.697,0.178,0.45,0.48,-0.48,-0.67,8.5878,0.18,0.104,9.920,-9.816,39.633,0.011,39.76,0.009,39.39,0.007,40.441,0.004,39.648,0.011,39.797,0.008,79.445,0.019,38.931,0.04,38.785,1.042696919,0.019,0.59,-0.48,-0.67,-0.13,2,2,17.116
1237658801505566750,202.203979,53.44291,4.50E-12,13.229,0.02536,15.24,ILTJ132848.91+532634.4,202.2038,53.4429,2.9,ILTJ132848.95+532634.5,202.20394,53.44293,4.07,0.151,0.11,J132848.94+532634.5,12.525,0.022,12.423,0.022,8.861,0.023,3.562,0.102,0.45,0.48,-0.71,-0.98,8.6684,0.395,-0.128,9.949,-10.077,39.819,0.009,40.049,0.006,39.722,0.005,40.624,0.004,39.835,0.009,39.942,0.007,79.777,0.016,39.044,0.033,39.025,1.040973735,0.014,0.37,-0.71,-0.98,-0.23,1,1,15.813
1237658613596618862,186.950229,50.407931,0,13.624,0.03883,15.632,ILTJ122748.02+502428.5,186.9501,50.4079,2,ILTJ122748.04+502428.6,186.95016,50.40796,2.313,0.131,0.19,J122748.01+502428.6,12.805,0.024,12.662,0.025,9.228,0.03,3.434,0.143,0.45,0.48,-0.52,-0.73,8.7422,0.478,0.261,10.400,-10.139,39.406,0.022,39.817,0.01,39.671,0.006,40.523,0.004,39.73,0.013,39.831,0.011,79.561,0.024,39.015,0.048,39.062,1.037402079,0.017,0.29,-0.52,-0.73,-0.41,2,1,16.223
1237661358076854300,170.096226,47.099793,2.26E-12,14.773,0.02478,16.226,ILTJ112023.08+470559.3,170.0962,47.0998,1.1,ILTJ112023.11+470559.0,170.09629,47.09975,1.602,0.169,0.21,J112023.08+470559.2,13.738,0.026,13.525,0.03,9.534,0.035,3.991,0.213,0.45,0.48,-0.40,-0.57,8.4885,-0.041,-0.148,9.254,-9.402,40.141,0.005,40.097,0.005,39.46,0.005,40.65,0.003,39.674,0.007,39.8,0.006,79.474,0.013,38.843,0.026,38.594,1.053272529,0.018,0.28,-0.40,-0.57,0.04,2,2,16.596
1237661386529308802,206.665054,55.113987,2.25E-12,14.498,0.0398,16.994,ILTJ134639.60+550650.2,206.665,55.114,1.6,ILTJ134639.63+550650.5,206.66512,55.11403,1.659,0.157,0.21,J134639.62+550650.2,13.767,0.025,13.559,0.029,9.528,0.031,4.031,0.208,0.45,0.48,-0.41,-0.58,8.811,0.284,0.21,9.762,-9.552,39.118,0.037,39.707,0.013,39.601,0.006,40.417,0.005,39.524,0.015,39.667,0.012,79.191,0.027,38.89,0.053,38.845,1.040468529,0.019,0.72,-0.41,-0.58,-0.59,2,2,17.646
1237655463777796229,223.695114,55.536501,1.89E-12,13.751,0.03176,15.709,ILTJ145446.89+553211.2,223.6954,55.5364,1.6,ILTJ145446.82+553211.6,223.69509,55.53656,2.472,0.289,0.21,J145446.84+553211.4,12.94,0.024,12.866,0.024,9.403,0.027,3.463,0.074,0.45,0.48,-0.54,-0.76,8.7903,0.208,-0.094,9.936,-10.030,39.014,0.037,39.533,0.012,39.275,0.009,40.086,0.006,39.249,0.024,39.381,0.018,78.63,0.042,38.678,0.075,38.992,1.028057037,0.01,0.35,-0.54,-0.76,-0.52,2,1,16.3
1237657630600265921,174.717648,53.059353,1.80E-12,0.000,0.02795,17.637,ILTJ113852.18+530333.1,174.7174,53.0592,1.1,ILTJ113852.22+530333.4,174.71758,53.0593,1.485,0.168,0.23,J113852.24+530333.7,15.27,0.034,15.183,0.067,12.165,0.317,3.018,0.087,0.45,0.48,-0.38,-0.53,8.477,-0.943,-0.858,8.837,-9.695,39.016,0.017,38.922,0.019,38.336,0.018,39.512,0.007,38.704,0.025,38.878,0.018,77.582,0.043,38.182,0.073,38.111,1.03676104,0.023,0.84,-0.38,-0.53,0.09,3,2,18.062
1237661434313572453,202.395183,46.106181,2.98E-12,14.435,0.03681,15.973,ILTJ132934.88+460622.1,202.3953,46.1062,0.9,ILTJ132934.86+460622.1,202.39526,46.10614,1.414,0.151,0.24,J132934.84+460622.1,13.5,0.024,13.352,0.029,9.764,0.041,3.588,0.148,0.45,0.48,-0.36,-0.51,8.7423,0.184,-0.003,9.803,-9.806,39.628,0.015,40.064,0.007,39.752,0.005,40.629,0.005,39.811,0.01,39.902,0.009,79.713,0.019,38.982,0.046,39.014,1.041395397,0.016,0.18,-0.36,-0.51,-0.44,3,2,16.465
1237661852543418468,185.855016,46.130443,2.58E-12,13.707,0.03867,15.419,ILTJ122325.20+460749.5,185.855,46.1304,3.8,ILTJ122325.22+460749.3,185.85508,46.13039,3.646,0.115,0.24,J122325.20+460749.1,12.85,0.025,12.701,0.028,8.771,0.029,3.93,0.149,0.45,0.48,-0.67,-0.93,8.8691,0.724,0.483,10.456,-9.973,39.099,0.043,39.837,0.01,39.769,0.006,40.552,0.005,39.632,0.015,39.752,0.012,79.384,0.027,38.895,0.064,39.044,1.038623092,0.02,0.47,-0.67,-0.93,-0.74,2,1,16.165
1237657628451995752,172.290394,50.999152,3.50E-12,13.770,0.03397,16.391,ILTJ112909.73+505956.8,172.2905,50.9991,1.3,ILTJ112909.71+505956.7,172.29046,50.99909,1.943,0.203,0.26,J112909.71+505957.2,12.955,0.024,12.867,0.025,10.004,0.049,2.863,0.088,0.45,0.48,-0.46,-0.65,,0.058,-0.485,10.107,-10.592,38.788,0.062,38.906,0.044,0,,0,,39,0.043,42.309,1.51,81.309,1.553,38.337,0.15,0,0,0,0.60,-0.46,-0.65,-0.12,2,2,17.177
1237661150303355047,190.831551,49.141347,2.32E-12,14.031,0.03093,16.649,ILTJ124319.57+490829.0,190.8315,49.1414,2.6,ILTJ124319.56+490829.0,190.83148,49.1414,3.453,0.162,0.26,J124319.58+490829.0,13.133,0.024,12.943,0.027,8.974,0.028,3.969,0.19,0.45,0.48,-0.66,-0.91,8.7794,0.328,0.007,9.947,-9.940,38.835,0.041,39.352,0.014,39.252,0.007,40.094,0.005,39.286,0.016,39.393,0.013,78.679,0.029,38.566,0.062,38.573,1.039431727,0.018,0.98,-0.66,-0.91,-0.52,2,1,17.513
1237658205594255546,215.654567,46.437184,1.66E-12,13.335,0.03377,16.138,ILTJ142237.10+462613.9,215.6546,46.4372,1.8,ILTJ142237.09+462614.1,215.65456,46.43727,2.854,0.21,0.31,J142237.10+462613.8,12.76,0.023,12.626,0.024,8.962,0.026,3.664,0.134,0.45,0.48,-0.59,-0.82,8.7635,0.405,0.134,10.181,-10.047,39.259,0.029,39.724,0.011,39.567,0.007,40.407,0.005,39.486,0.018,39.634,0.014,79.12,0.032,38.485,0.145,38.993,1.036262919,0.012,0.67,-0.59,-0.82,-0.46,2,1,16.926
1237661152456540212,210.475635,48.026581,2.73E-12,14.269,0.03592,16.725,ILTJ140154.09+480135.6,210.4754,48.0266,1.1,ILTJ140154.14+480135.3,210.47558,48.0265,1.677,0.161,0.32,J140154.16+480135.7,13.684,0.025,13.534,0.029,10.001,0.048,3.533,0.15,0.45,0.48,-0.42,-0.59,8.5923,0.042,-0.195,9.721,-9.916,39.696,0.011,39.791,0.009,39.426,0.007,40.432,0.004,39.615,0.012,39.738,0.01,79.353,0.022,38.67,0.072,38.844,1.040881475,0.023,0.60,-0.42,-0.59,-0.09,2,2,17.343
1237659326555291664,218.498407,56.047502,1.49E-12,14.037,0.03684,16.479,ILTJ143359.66+560250.4,218.4986,56.0474,2.6,ILTJ143359.65+560250.8,218.49853,56.04744,3.261,0.164,0.34,J143359.61+560250.8,13.069,0.024,12.879,0.024,8.975,0.026,3.904,0.19,0.45,0.48,-0.64,-0.88,8.7027,0.518,0.073,9.998,-9.925,39.399,0.019,39.668,0.011,39.541,0.006,40.375,0.005,39.526,0.015,39.653,0.012,79.179,0.027,38.888,0.051,38.749,1.041962373,0.019,0.82,-0.64,-0.88,-0.27,2,1,17.157
1237657630060052569,162.846864,50.93083,3.26E-12,13.072,0.02429,15.036,ILTJ105123.23+505551.3,162.8468,50.9309,2.2,ILTJ105123.22+505551.2,162.84674,50.9309,3.203,0.194,0.39,J105123.23+505551.3,12.247,0.023,12.113,0.022,8.536,0.025,3.577,0.134,0.45,0.48,-0.63,-0.87,8.8495,0.27,0.212,0.000,0,0,,0,,0,,0,,0,,0,,0,0,0,,0,0,0,0.27,-0.63,-0.87,0.00,2,1,15.812
1237661416067367031,220.075537,50.769005,2.93E-12,13.701,0.0429,15.855,ILTJ144018.18+504608.2,220.0758,50.769,1.6,ILTJ144018.09+504608.5,220.07537,50.76904,1.673,0.154,0.4,J144018.13+504607.6,13.08,0.034,13.015,0.037,9.64,0.048,3.375,0.065,0.45,0.48,-0.41,-0.58,8.8131,0.457,0.275,10.377,-10.102,38.885,0.08,39.533,0.02,39.374,0.013,40.243,0.007,39.208,0.04,39.376,0.029,78.584,0.069,38.693,0.123,39.078,1.029812171,0.028,0.30,-0.41,-0.58,-0.65,2,2,16.593
1237661152450314246,188.997292,50.818504,2.23E-12,14.540,0.04172,16.176,ILTJ123559.36+504906.7,188.9973,50.8185,1.7,ILTJ123559.37+504907.0,188.99736,50.81861,2.213,0.143,0.42,J123559.36+504906.8,13.621,0.025,13.431,0.031,9.475,0.035,3.956,0.19,0.45,0.48,-0.51,-0.71,8.7123,0.375,0.082,9.884,-9.802,39.576,0.017,40.01,0.008,39.656,0.006,40.625,0.004,39.789,0.011,39.933,0.009,79.722,0.02,39.06,0.042,38.964,1.042629094,0.018,0.44,-0.51,-0.71,-0.43,2,1,16.632
1237661357544046694,183.734652,47.518376,4.65E-12,14.059,0.02397,16.578,ILTJ121456.29+473106.1,183.7345,47.5184,1.8,ILTJ121456.28+473105.8,183.73452,47.5183,2.06,0.125,0.42,J121456.32+473106.0,13.351,0.024,13.182,0.028,8.904,0.027,4.278,0.169,0.45,0.48,-0.48,-0.68,8.9074,0.147,-0.094,9.539,-9.633,38.473,0.057,39.49,0.009,39.254,0.006,40.196,0.004,39.167,0.015,39.273,0.012,78.44,0.027,38.407,0.07,38.557,1.042508494,0.012,0.66,-0.48,-0.68,-1.02,2,2,17.255
1237661358079672476,179.45452,47.90263,1.51E-12,14.440,0.03202,16.963,ILTJ115749.08+475409.0,179.4545,47.9025,2.1,ILTJ115749.07+475408.8,179.45445,47.90246,2.861,0.151,0.63,J115749.08+475409.0,13.56,0.023,13.368,0.027,9.408,0.032,3.96,0.192,0.45,0.48,-0.59,-0.82,8.6654,0.194,-0.36,9.654,-10.014,39.323,0.016,39.574,0.01,39.317,0.006,40.249,0.004,39.388,0.013,39.527,0.01,78.915,0.023,38.648,0.055,38.543,1.044262253,0.023,0.96,-0.59,-0.82,-0.25,2,1,17.66
1237657857145634895,175.739127,52.465577,1.73E-12,14.388,0.02955,15.841,ILTJ114257.32+522755.7,175.7388,52.4655,1,ILTJ114257.32+522755.7,175.73883,52.4655,1.518,0.235,0.7,J114257.41+522756.1,13.506,0.025,13.338,0.029,9.651,0.043,3.687,0.168,0.45,0.48,-0.38,-0.54,8.5304,0.119,-0.071,9.726,-9.797,39.867,0.007,39.807,0.007,39.341,0.006,40.383,0.004,39.471,0.011,39.632,0.009,79.103,0.02,38.816,0.035,38.634,1.045271005,0.012,0.12,-0.38,-0.54,0.06,3,2,16.258
1237661434309509232,188.745927,47.336433,3.61E-12,14.069,0.03092,16.203,ILTJ123459.04+472010.6,188.746,47.3363,1.2,ILTJ123459.09+472011.0,188.74622,47.33639,1.89,0.169,0.73,J123459.01+472011.0,13.423,0.024,13.237,0.027,9.414,0.033,3.823,0.186,0.45,0.48,-0.46,-0.64,8.7227,0.204,-0.085,9.917,-10.002,39.066,0.028,39.491,0.012,39.262,0.007,40.189,0.005,39.355,0.015,39.49,0.012,78.845,0.027,38.583,0.068,38.667,1.03936173,0.031,0.50,-0.46,-0.64,-0.42,2,2,16.95
1237661151915671606,196.938218,50.013381,6.95E-12,14.759,0.03327,16.462,ILTJ130745.06+500048.2,196.9378,50.0134,1.4,ILTJ130745.10+500048.3,196.9379,50.01343,1.84,0.164,0.76,J130745.16+500048.1,14.019,0.027,13.803,0.033,9.933,0.045,3.87,0.216,0.45,0.48,-0.45,-0.63,8.4976,0.011,-0.152,9.252,-9.404,40.048,0.007,39.987,0.007,39.349,0.006,40.493,0.004,39.608,0.01,39.76,0.008,79.368,0.018,38.934,0.034,38.712,1.046006406,0.015,0.40,-0.45,-0.63,0.06,2,2,16.738
1237661387608424652,225.430628,50.363544,3.05E-12,14.616,0.02567,16.01,ILTJ150143.31+502148.7,225.4305,50.3635,1.6,ILTJ150143.27+502148.3,225.43029,50.36344,2.427,0.205,0.86,J150143.33+502148.6,13.385,0.024,13.15,0.025,9.232,0.025,3.918,0.235,0.45,0.48,-0.54,-0.75,8.586,0.163,-0.353,9.600,-9.953,39.277,0.013,39.432,0.01,38.998,0.008,40.083,0.004,39.232,0.012,39.349,0.01,78.581,0.022,38.561,0.04,38.359,1.04494382,0.02,0.45,-0.54,-0.75,-0.16,2,1,16.574
1237659163879669821,227.960244,50.140438,2.62E-12,15.400,0.03251,16.773,ILTJ151150.46+500824.8,227.9603,50.1402,1.2,ILTJ151150.49+500824.6,227.96038,50.14019,1.401,0.187,0.95,J151150.47+500825.3,14.254,0.026,13.883,0.031,9.662,0.035,4.221,0.371,0.45,0.48,-0.36,-0.51,8.3429,0.184,0.145,9.157,-9.012,40.555,0.004,40.206,0.005,39.463,0.005,40.802,0.004,39.731,0.008,39.852,0.007,79.583,0.015,38.985,0.025,38.534,1.058857113,0.02,0.40,-0.36,-0.51,0.35,3,2,17.044
1237661358074888261,163.652437,46.102376,1.66E-12,13.595,0.03846,16.22,ILTJ105436.55+460608.7,163.6523,46.1024,1.4,ILTJ105436.51+460609.1,163.65213,46.10253,1.914,0.169,0.96,J105436.58+460607.8,13.184,0.031,13.002,0.033,9.317,0.041,3.685,0.182,0.45,0.48,-0.46,-0.64,8.7612,0.476,0.122,10.214,-10.092,38.824,0.074,39.302,0.025,39.21,0.013,40.07,0.007,39.184,0.034,39.391,0.023,78.575,0.057,38.783,0.077,38.897,1.030156567,0.017,0.47,-0.46,-0.64,-0.48,2,2,16.869
1237658204505047118,162.575006,47.771199,2.77E-12,14.470,0.04061,16.495,ILTJ105017.96+474616.6,162.5748,47.7713,1.1,ILTJ105017.92+474616.7,162.57466,47.77133,1.742,0.18,0.97,J105018.00+474616.3,13.711,0.025,13.531,0.031,9.7,0.041,3.831,0.18,0.45,0.48,-0.43,-0.60,8.7904,0.243,-0.028,9.704,-9.732,39.236,0.036,39.858,0.011,39.537,0.007,40.449,0.005,39.596,0.016,39.717,0.013,79.313,0.029,38.827,0.074,38.915,1.039419247,0.017,0.48,-0.43,-0.60,-0.62,2,2,16.994
1237661416068546581,223.532247,49.429155,1.57E-12,12.231,0.02607,14.552,ILTJ145408.07+492540.7,223.5336,49.428,1.5,ILTJ145408.04+492539.8,223.53351,49.42775,1.584,0.184,5.87,J145407.75+492544.8,11.683,0.023,11.748,0.021,11.103,0.082,0.645,-0.065,0.45,0.48,-0.40,-0.56,,-0.348,-1.808,10.547,-12.355,38.877,0.116,38.769,0.169,38.067,0.335,38.931,0.174,37.966,1.22,0,,37.966,1.22,0,,39.286,0.9909637021,0.005,-0.20,-0.40,-0.56,0.11,2,2,15.407
1237661356471353453,187.357579,46.802982,2.42E-12,13.282,0.03949,14.794,ILTJ122925.82+464819.9,187.3576,46.8055,1.1,ILTJ122925.84+464819.9,187.35766,46.80553,1.372,0.133,9.18,J122925.81+464810.8,12.433,0.023,12.473,0.024,11.444,0.155,1.029,-0.04,0.45,0.48,-0.35,-0.50,,-0.186,-1.49,10.800,-12.290,39.118,0.054,38.837,0.119,38.561,0.063,39.292,0.051,38.499,0.212,38.869,0.093,77.368,0.305,37.779,1.053,39.252,1.001019056,0.016,-0.24,-0.35,-0.50,0.28,3,2,15.45
1237661358611955813,164.138048,46.631512,4.44E-12,0.000,0.03863,16.475,ILTJ105632.55+463803.5,164.1356,46.6343,0.8,ILTJ105632.59+463802.8,164.13579,46.63412,1.56,0.173,10.94,J105633.13+463753.8,14.825,0.032,14.574,0.051,11.285,0.17,3.289,0.251,0.45,0.48,-0.39,-0.55,8.6032,-0.238,-0.075,9.466,-9.541,38.789,0.051,38.985,0.032,38.473,0.028,39.544,0.01,38.852,0.035,38.923,0.032,77.775,0.067,38.226,0.139,38.34,1.031403234,0.038,0.35,-0.39,-0.55,-0.20,3,2,16.792
1237662303510855714,222.393422,47.376157,3.87E-11,12.267,0.02579,13.15,ILTJ144935.73+472217.5,222.3989,47.3715,1.9,ILTJ144935.71+472217.2,222.3988,47.37146,2.998,0.205,21.4,J144934.42+472234.2,11.104,0.023,11.141,0.02,9.694,0.035,1.447,-0.037,0.45,0.48,-0.61,-0.84,8.7875,0.336,-1.376,11.137,-12.513,38.817,0.083,38.908,0.074,38.975,0.029,39.366,0.039,38.794,0.115,38.964,0.078,77.758,0.193,38.501,0.203,39.21,1.003978577,0.018,-0.51,-0.61,-0.84,-0.09,2,1,13.923
1237661417678569692,222.988848,51.264868,2.15E-12,13.028,0.02587,13.862,ILTJ145159.56+511540.7,222.9982,51.2613,1.4,ILTJ145159.46+511540.8,222.99776,51.26135,1.291,0.156,23.74,J145157.36+511553.7,11.762,0.023,11.854,0.021,9.294,0.028,2.56,-0.092,0.45,0.48,-0.33,-0.47,,0.176,-0.433,10.680,-11.113,38.387,0.125,38.348,0.125,38.434,0.046,38.918,0.042,38.158,0.231,38.318,0.16,76.476,0.391,37.504,0.972,38.918,1,0.011,-0.60,-0.33,-0.47,0.04,3,2,14.613
1237659120936878166,226.065735,48.164701,1.84E-12,14.993,0.03143,16.208,ILTJ150413.43+480943.5,226.056,48.1621,1.4,ILTJ150413.50+480942.7,226.05627,48.16186,1.419,0.166,24.93,J150415.87+480954.3,13.312,0.025,13.21,0.026,9.933,0.036,3.277,0.102,0.45,0.48,-0.36,-0.51,8.6209,0.249,-0.933,9.903,-10.836,38.621,0.052,38.769,0.035,38.353,0.025,39.321,0.011,38.576,0.045,38.808,0.029,77.384,0.074,37.861,0.242,38.287,1.027006556,0.033,0.33,-0.36,-0.51,-0.15,3,2,16.853